59.6173261683766,48.7083536883244,0,200.781631656082,40.6692721055203,51.5876893014167
59.9495196222114,48.6394723986322,0,198.0947728383,40.5959941377626,51.4411333659013
59.8176192802476,48.5925744992672,0,199.560332193454,40.5227161700049,51.4411333659013
59.8322748737991,48.4357596482658,0,199.560332193454,40.5227161700049,51.2945774303859
60.0097703957011,48.2789447972643,0,198.339032730826,40.5227161700049,51.2945774303859
59.9022960429898,48.3859306301905,0,199.560332193454,40.3761602344895,51.1480214948705
60.3729034359226,48.1411822178798,0,196.140693698095,40.4494382022472,51.0747435271129
59.7850512945775,48.2701514411334,0,201.514411333659,40.3028822667318,50.9281875915975
59.3763230744179,48.04738641915,0,204.201270151441,40.3761602344895,50.7816316560821
59.8550724637682,48.3302393746947,0.0977039570102534,199.560332193454,40.1563263312164,50.6350757205667
60.6187917277317,48.4152418172936,0,193.942354665364,40.0830483634587,50.561797752809
59.8762416544537,48.390327308256,0.757205666829478,201.025891548608,40.0830483634587,50.3419638495359
59.8094772838301,48.4973131411822,0.854909623839752,201.270151441133,40.009770395701,50.2686858817782
60.3207946588504,48.6262823644358,1.02589154860768,197.117733268197,39.9364924279433,50.1954079140205
60.351734245237,48.7772349780166,1.70981924767953,197.606253053249,39.8632144601856,50.0488519785051
60.2361178961082,49.0820713238886,1.6609672691744,199.071812408403,39.7166585246703,50.0488519785051
60.1042175541443,49.2989741084514,2.4914509037616,200.293111871031,39.6433805569126,49.9022960429897
60.9086468001955,49.2740595994138,3.028822667318,194.18661455789,39.7166585246703,49.829018075232
59.8648428594692,49.6228627259404,3.19980459208595,203.468490473864,39.5701025891549,49.829018075232
59.8794984530207,49.6199316072301,4.6897899364924,202.491450903762,39.6433805569126,49.609184171959
60.6757857026544,50.1226184660479,5.08060576453344,195.896433805569,39.4235466536395,49.609184171959
60.1286435433969,50.4274548119199,6.79042501221298,201.025891548608,39.3502686858818,49.3893502686859
59.9967432014331,50.6223742061554,7.84074255007324,201.758671226185,39.3502686858818,49.3160723009282
60.0358247842372,51.0810942843185,8.96433805569123,201.025891548608,39.2037127503664,49.2427943331705
59.7410845139229,51.1880801172448,10.6008793356131,202.979970688813,39.2769907181241,49.0962383976551
60.4559517993813,51.5368832437714,11.504640937958,196.873473375672,39.2037127503664,49.0962383976551
60.2019215111546,51.9076697606253,12.848070346849,199.560332193454,39.1304347826087,49.0229604298974
59.9886012050155,52.3004396678066,15.1441133365901,201.270151441133,39.057156814851,48.8031265266243
60.1416707376649,52.5832926233513,17.2203224230581,199.804592085979,39.057156814851,48.6565705911089
59.8550724637682,52.866145578896,19.0034196384953,202.00293111871,39.057156814851,48.5832926233512
60.3745318352061,53.1489985344407,20.4201270151441,197.606253053249,39.057156814851,48.5832926233512
60.3891874287576,53.2999511480215,21.8368343917928,198.0947728383,39.1304347826087,48.5832926233512
60.2247191011237,53.8246213971666,23.6932095749878,199.804592085979,38.9838788470933,48.5100146555936
59.4170330565055,54.1294577430386,25.1831949193942,205.911089399121,38.9838788470933,48.5100146555936
59.6433805569126,54.3023937469468,26.2335124572545,202.735710796287,39.057156814851,48.5832926233512
59.4544862400261,54.8490473864192,28.5295554469956,203.468490473864,38.9106008793356,48.4367366878359
60.2833414753298,55.1758671226185,30.9721543722521,196.38495359062,38.9106008793356,48.2901807523205
59.6547793518972,55.1069858329262,32.2423058133854,202.00293111871,39.1304347826087,48.3634587200782
59.0669272105521,55.7635564240352,34.7581827063996,205.911089399121,38.9106008793356,48.2169027845628
60.1074743527114,55.9584758182706,36.1016121152907,196.629213483146,38.9838788470933,48.2901807523205
59.9918580035825,56.1314118221788,38.2510991695163,198.339032730826,39.057156814851,48.2169027845628
61.1219671063345,56.5461651196874,40.0341963849536,190.278456277479,38.9838788470933,48.2169027845628
59.7524833089074,56.5872007816317,41.8172936003908,202.979970688813,39.1304347826087,48.2169027845628
59.7508549096239,56.9799706888129,43.600390815828,202.247191011236,39.057156814851,48.2169027845628
59.7410845139229,57.1309233023938,45.3834880312652,201.758671226185,39.1304347826087,48.2169027845628
60.8874776095099,57.6555935515388,47.1665852467024,192.721055202736,38.9838788470933,48.2169027845628
60.2182055039897,57.9604298974109,48.5100146555935,199.560332193454,38.9838788470933,48.2901807523205
59.9723172121805,58.133365901319,49.7801660967269,201.514411333659,39.057156814851,48.3634587200782
59.9218368343919,58.4162188568637,51.4167073766487,201.514411333659,39.057156814851,48.3634587200782
59.6759485425827,58.6990718124084,53.0532486565706,202.979970688813,39.057156814851,48.3634587200782
59.5440482006189,58.4543234000977,54.2501221299462,203.224230581339,39.3502686858818,48.4367366878359
60.34847744667,59.1768441621886,55.3737176355642,196.38495359062,39.057156814851,48.5100146555936
60.1758671226185,59.1958964338056,55.9843673668783,198.583292623351,39.2037127503664,48.6565705911089
59.2460511317376,59.170981924768,56.4484611626771,205.911089399121,39.3502686858818,48.8031265266243
59.0815828041036,59.1021006350757,56.7659990229604,205.666829506595,39.4968246213972,48.9496824621397
59.5440482006189,59.1211529066927,57.8163165608207,200.781631656082,39.5701025891549,48.9496824621397
59.8436736687837,58.9863214460186,58.4269662921348,198.339032730826,39.7166585246703,49.0229604298974
59.6710633447322,58.9394235466537,58.9643380556912,200.048851978505,39.7899364924279,49.0962383976551
59.767138902459,59.5300439667807,58.9887640449438,199.316072300928,39.4968246213972,49.2427943331705
59.8225044780981,59.5490962383977,58.866634098681,199.071812408403,39.5701025891549,49.3893502686859
59.7557401074744,59.2823644357597,58.5979482169028,199.804592085979,39.7899364924279,49.5359062042013
59.4691418335777,59.3453834880313,58.6223742061553,202.00293111871,39.7899364924279,49.609184171959
59.2069695489335,59.4084025403029,58.5735222276502,203.468490473864,39.7899364924279,49.6824621397167
59.1890571568149,59.6033219345384,57.572056668295,202.735710796287,39.7166585246703,49.9022960429897
59.58638658199,58.8969223253542,56.790425012213,199.071812408403,40.1563263312164,50.0488519785051
59.7150301253868,58.7181240840254,55.8622374206155,198.339032730826,40.2296042989741,50.1954079140205
59.7378277153559,58.5173424523693,54.3478260869565,198.583292623351,40.3028822667318,50.4152418172936
57.9286761113826,58.1626770884221,53.9325842696629,212.506106497313,40.4494382022472,50.4152418172936
58.9447972642893,58.4235466536395,51.7586712261846,201.758671226185,40.2296042989741,50.7083536883244
59.3746946751344,57.8270639960919,51.0503175378602,198.0947728383,40.5227161700049,50.7083536883244
59.5033382185313,57.8021494870542,50.3419638495359,197.606253053249,40.4494382022472,50.7083536883244
59.3225858980623,57.2716170004885,48.7542745481192,199.560332193454,40.6692721055203,50.8549096238398
59.6303533626446,57.3346360527601,45.7010258915486,197.361993160723,40.5227161700049,51.2212994626282
59.4577430385931,56.6502198339033,44.0400586223742,199.316072300928,40.8158280410357,51.2945774303859
59.5782445855725,56.8011724474841,41.8661455788959,198.583292623351,40.5959941377626,51.4411333659013
59.2997883080932,56.0947728383,40.8646800195408,201.025891548608,40.8891060087934,51.3678553981436
59.2655919231396,55.8280410356619,38.6174890083048,201.025891548608,40.8891060087934,51.514411333659
59.1011235955057,55.6932095749878,36.6634098680996,202.00293111871,40.8158280410357,51.5876893014167
59.1320631818923,55.1846604787494,34.6360527601368,201.270151441133,40.9623839765511,51.6609672691744
59.6108125712426,54.8959452857841,32.09574987787,197.361993160723,40.9623839765511,51.8075232046898
59.5359062042014,54.7391304347826,30.2882266731803,198.583292623351,40.8891060087934,51.8075232046898
59.7459697117734,54.2085979482169,28.4807034684905,197.361993160723,41.0356619443087,51.8075232046898
59.2476795310211,53.7659990229604,25.7938446507083,201.758671226185,41.1089399120664,51.9540791402052
59.2541931281551,53.4333170493405,23.8397655105031,201.270151441133,41.1089399120664,51.9540791402052
59.3746946751344,53.1006350757206,21.4460185637518,200.048851978505,41.1089399120664,52.0273571079629
59.3079303045107,52.8998534440645,19.4186614557889,200.537371763556,41.0356619443087,52.0273571079629
59.7459697117734,52.3253541768442,16.9516365412799,197.117733268197,41.1822178798241,52.1006350757206
59.6792053411497,51.8387884709331,14.8510014655593,198.339032730826,41.2554958475818,52.1006350757206
59.3437550887478,51.5940400586224,13.6297020029311,201.270151441133,41.1822178798241,51.9540791402052
59.9527764207785,51.371275036639,11.2359550561798,196.38495359062,41.1089399120664,52.0273571079629
59.3242142973458,51.038593063019,9.64826575476302,202.00293111871,41.1089399120664,51.9540791402052
60.0065135971341,50.5740107474353,7.2545188080117,196.38495359062,41.1822178798241,52.0273571079629
59.9316072300929,50.219345383488,5.22716170004883,197.850512945774,41.1822178798241,52.0273571079629
60.0358247842372,49.9965803615046,3.19980459208596,197.606253053249,41.1089399120664,52.0273571079629
59.6922325354178,49.7957987298485,1.17244748412309,200.781631656082,41.0356619443087,52.0273571079629
59.8290180752321,49.4851001465559,0.0244259892525429,199.560332193454,41.0356619443087,51.8808011724475
59.4528578407426,49.3063019052272,0,202.491450903762,40.9623839765511,51.8808011724475
59.6629213483147,49.0175867122618,0,200.293111871031,40.9623839765511,51.8075232046898
60.3696466373556,48.9926722032242,0,194.919394235467,40.8158280410357,51.7342452369321
59.789936492428,48.7479237909135,0,200.537371763556,40.8158280410357,51.7342452369321
59.5114802149488,48.5031753786028,0,202.491450903762,40.8158280410357,51.6609672691744
60.0472235792217,48.390327308256,0,197.850512945774,40.742550073278,51.5876893014167
60.7376648754275,48.1675622862726,0,193.209574987787,40.742550073278,51.514411333659
60.5406285621235,48.076697606253,0,196.38495359062,40.6692721055203,51.3678553981436
58.1533952125062,48.1397166585247,0,215.192965315095,40.5227161700049,51.2945774303859
58.9496824621398,48.5105031753786,0,205.422569614069,40.2296042989741,51.2945774303859
59.973945611464,48.3097215437225,0,196.38495359062,40.3028822667318,51.1480214948705
60.0944471584433,48.218856863703,0,196.38495359062,40.3028822667318,51.0014655593552
60.1172447484124,48.2598925256473,0.317537860283352,197.117733268197,40.2296042989741,50.7816316560821
59.4968246213972,48.4548119198827,0,202.491450903762,40.0830483634587,50.8549096238398
59.4137762579385,48.6936980947728,0,202.491450903762,39.9364924279433,50.7816316560821
60.3403354502525,48.7127503663898,0.0977039570102534,194.919394235467,39.9364924279433,50.6350757205667
59.9886012050155,48.7318026380068,0.341963849535894,198.827552515877,39.9364924279433,50.4885197850513
59.5391630027683,49.0146555935515,0,202.491450903762,39.7899364924279,50.561797752809
60.0423383813712,49.0776746458231,0.317537860283338,198.0947728383,39.7899364924279,50.4152418172936
60.4315258101287,49.0087933561309,0.781631656082063,195.652173913043,39.8632144601856,50.2686858817782
60.5764533463606,49.1817293600391,0.952613580849992,195.652173913043,39.7899364924279,50.1954079140205
60.0048851978506,49.3766487542745,1.63654127992184,201.025891548608,39.7166585246703,50.0488519785051
59.4496010421756,49.4616511968735,2.02735710796285,204.934049829018,39.7166585246703,49.9755740107474
59.415404657222,49.8104543234001,2.93111871030774,203.957010258915,39.5701025891549,49.829018075232
60.1302719426804,49.9394235466536,3.54176844162187,197.606253053249,39.5701025891549,49.7557401074744
59.9169516365413,50.0683927699072,3.78602833414752,199.804592085979,39.5701025891549,49.7557401074744
59.0766976062531,50.4611626770884,4.90962383976549,206.155349291646,39.4235466536395,49.609184171959
59.5554469956034,50.8978993649243,6.17977528089884,201.025891548608,39.2769907181241,49.4626282364436
59.7817944960105,50.8510014655593,7.15681485100145,199.071812408403,39.4235466536395,49.3893502686859
61.4737013515715,51.1558378114313,8.20713238886171,186.614557889595,39.3502686858818,49.3160723009282
59.1190359876242,51.4826575476307,9.77039570102588,207.6209086468,39.2769907181241,49.1695163654128
59.027845627748,51.6995603321934,10.6008793356131,206.399609184172,39.2769907181241,49.1695163654128
60.0521087770722,52.1802638006839,12.3106985832926,197.117733268197,39.1304347826087,49.0229604298974
60.1156163491289,52.4411333659013,14.1670737664875,197.361993160723,39.1304347826087,48.876404494382
59.9104380394073,52.7020029311187,15.7303370786517,199.560332193454,39.1304347826087,48.8031265266243
59.8925256472888,53.0947728382999,17.3668783585735,199.804592085979,39.057156814851,48.7298485588666
59.9316072300929,53.3776257938446,19.5163654127992,199.560332193454,39.057156814851,48.5832926233512
60.174238723335,53.6604787493893,21.3727405959941,197.850512945774,39.057156814851,48.5100146555936
60.0830483634588,53.8114313629702,22.8627259404006,199.071812408403,39.1304347826087,48.5100146555936
59.8534440644847,54.2042012701514,24.352711284807,201.025891548608,39.057156814851,48.5100146555936
59.5912717798405,54.7508549096238,26.2823644357597,202.735710796287,38.9106008793356,48.4367366878359
59.3698094772839,55.0776746458231,28.2852955544699,203.71275036639,38.9106008793356,48.3634587200782
59.9625468164795,55.1406936980948,30.361504640938,198.339032730826,39.057156814851,48.2901807523205
59.1711447646964,55.5554469956033,31.6316560820713,204.689789936492,38.9838788470933,48.3634587200782
59.8941540465723,55.8602833414753,33.2681973619931,198.0947728383,38.9838788470933,48.3634587200782
60.0227975899691,56.0332193453835,35.7840742550073,197.606253053249,39.057156814851,48.2169027845628
59.6140693698095,56.3160723009282,37.1275036638984,201.270151441133,39.057156814851,48.2901807523205
60.0276827878196,56.5989252564729,38.8373229115779,197.850512945774,39.057156814851,48.2901807523205
59.5131086142323,56.7498778700537,40.9868099658036,202.247191011236,39.1304347826087,48.2169027845628
59.9267220322424,56.8788470933073,42.7699071812408,198.583292623351,39.2037127503664,48.2169027845628
59.5179938120828,57.381533952125,44.1133365901319,202.00293111871,39.057156814851,48.2901807523205
60.5259729685719,57.6643869076697,45.8231558378114,193.942354665364,39.057156814851,48.2901807523205
60.2393746946752,57.5515388373229,47.532975085491,197.606253053249,39.2769907181241,48.2901807523205
59.8957824458558,57.7684416218857,49.2427943331705,200.781631656082,39.2769907181241,48.2901807523205
60.0325679856701,58.1172447484123,50.5129457743039,199.560332193454,39.2037127503664,48.3634587200782
59.9495196222114,58.0923302393747,51.7098192476795,200.293111871031,39.3502686858818,48.4367366878359
59.9397492265104,58.419149975574,52.3937469467513,200.293111871031,39.2769907181241,48.5832926233512
59.9299788308094,58.6360527601368,53.8104543234001,200.293111871031,39.2769907181241,48.5832926233512
60.0830483634588,58.5891548607718,54.3478260869565,199.071812408403,39.4235466536395,48.7298485588666
60.1791239211855,59.0258915486077,54.7386419149976,198.583292623351,39.2769907181241,48.876404494382
59.8355316723661,58.9789936492428,55.8622374206155,201.514411333659,39.4235466536395,48.876404494382
59.8827552515877,59.0200293111871,56.1064973131412,200.781631656082,39.4968246213972,49.0229604298974
59.7915648917115,59.1709819247679,57.0835368832438,201.270151441133,39.4968246213972,49.0229604298974
60.368018238072,59.0581338544211,57.181240840254,196.629213483146,39.6433805569126,49.1695163654128
60.6432177169843,59.2970200293112,57.1323888617489,195.407914020518,39.5701025891549,49.3160723009282
59.8518156652012,59.5578895945286,56.9369809477284,202.491450903762,39.4968246213972,49.4626282364436
59.2802475166911,59.0493404982902,56.1553492916463,206.155349291646,39.8632144601856,49.6824621397167
59.4984530206807,58.8265754763068,56.9125549584758,202.979970688813,40.009770395701,49.609184171959
59.399120664387,59.3512457254519,56.8637029799707,202.979970688813,39.7166585246703,49.6824621397167
59.3649242794334,59.3043478260869,56.7415730337079,202.491450903762,39.7899364924279,49.7557401074744
59.3470118873148,59.2354665363947,55.666829506595,202.00293111871,39.8632144601856,49.9755740107474
60.0293111871031,58.7489008304836,55.2515876893014,196.38495359062,40.1563263312164,50.0488519785051
60.8337404331543,58.438202247191,53.8837322911578,191.255495847582,40.3028822667318,50.2686858817782
59.2688487217066,58.0835368832438,53.1753786028334,205.178309721544,40.4494382022472,50.3419638495359
59.9755740107475,58.3444064484612,51.0747435271129,198.583292623351,40.2296042989741,50.6350757205667
59.8599576616187,57.4841231069858,50.4396678065462,199.804592085979,40.6692721055203,50.6350757205667
59.8664712587527,57.5471421592574,49.3649242794333,199.804592085979,40.5227161700049,50.7083536883244
60.1986647125876,57.6541279921837,47.3375671714705,197.361993160723,40.3761602344895,50.9281875915975
59.7329425175054,57.1455788959453,46.409379579873,201.514411333659,40.5959941377626,50.9281875915975
59.6498941540466,56.7029799706888,44.162188568637,201.758671226185,40.742550073278,51.1480214948705
59.7215437225208,57.0078163165608,42.5744992672203,200.781631656082,40.4494382022472,51.2212994626282
60.0537371763557,56.4772838299951,40.9135319980459,198.0947728383,40.6692721055203,51.2945774303859
59.7589969060414,56.276502198339,39.1792867611138,200.781631656082,40.6692721055203,51.3678553981436
60.1888943168866,56.0757205666829,36.4924279433317,197.361993160723,40.6692721055203,51.5876893014167
59.7231721218043,55.8749389350269,34.4650708353688,201.514411333659,40.6692721055203,51.6609672691744
56.9695489333985,55.0146555935515,32.8041035661944,221.787982413288,41.0356619443087,51.6609672691744
58.6858817782121,54.8358573522228,30.7034684904739,203.468490473864,40.9623839765511,51.7342452369321
59.3518970851653,54.5471421592574,28.0898876404494,197.606253053249,40.9623839765511,51.8808011724475
59.7248005210878,54.390327308256,26.6487542745481,195.407914020518,40.8891060087934,51.8075232046898
59.5196222113663,53.9916951636541,24.4015632633122,198.0947728383,40.9623839765511,51.8808011724475
60.0065135971341,53.7029799706888,22.5207620908647,194.919394235467,40.9623839765511,51.8808011724475
59.589643380557,53.5461651196873,20.200293111871,199.316072300928,40.8891060087934,51.9540791402052
60.0032567985671,53.2794333170493,18.2462139716658,196.38495359062,40.8891060087934,51.9540791402052
59.5701025891549,53.0127015144113,16.2921348314607,200.537371763556,40.8891060087934,51.9540791402052
59.7150301253868,52.4821690278456,14.3380556912555,199.316072300928,41.0356619443087,51.9540791402052
59.6726917440157,52.0395701025891,12.3839765510503,199.804592085979,41.1089399120664,51.9540791402052
59.3209574987788,51.8387884709331,9.99022960429898,202.491450903762,41.0356619443087,52.0273571079629
59.8892688487218,51.6599902296043,7.96287249633611,197.606253053249,40.9623839765511,52.0273571079629
59.2199967432015,51.371275036639,6.37518319491938,203.224230581339,40.9623839765511,51.9540791402052
59.6661781468817,50.9506595017098,4.4211040547142,199.071812408403,41.0356619443087,51.9540791402052
59.8599576616187,50.9037616023449,2.46702491450902,197.850512945774,40.8891060087934,51.9540791402052
59.7361993160724,50.505129457743,0.073277967757698,199.316072300928,40.9623839765511,52.0273571079629
59.4984530206807,50.2164142647777,0,201.270151441133,40.9623839765511,51.8808011724475
59.0001628399284,49.9276990718124,0,204.689789936492,40.9623839765511,51.8808011724475
59.4951962221137,49.9027845627748,0,199.804592085979,40.8158280410357,51.8075232046898
59.599413776258,49.5261358085002,0,199.071812408403,40.8891060087934,51.8075232046898
60.0211691906856,49.5232046897899,0,196.140693698095,40.742550073278,51.6609672691744
60.345220648103,49.1685393258427,0,194.675134342941,40.8158280410357,51.5876893014167
59.8387884709331,49.0556912554958,0,199.804592085979,40.742550073278,51.5876893014167
60.2686858817783,48.8329262335125,0,196.629213483146,40.742550073278,51.4411333659013
59.990229604299,48.7420615534929,0,199.560332193454,40.6692721055203,51.2945774303859
60.2002931118711,48.8050806057645,0,198.0947728383,40.5227161700049,51.2212994626282
59.7427129132064,48.6482657547631,0,202.00293111871,40.5227161700049,51.0747435271129
60.164468327634,48.6233512457254,0,198.339032730826,40.4494382022472,51.0747435271129
59.6336101612116,48.752320468979,0,202.735710796287,40.3028822667318,50.9281875915975
60.0309395863866,48.5295554469956,0,199.071812408403,40.3761602344895,50.7816316560821
61.3645985995767,48.8124084025403,0,189.301416707377,40.1563263312164,50.7083536883244
60.3207946588504,48.6336101612115,0,199.804592085979,40.2296042989741,50.7083536883244
59.7085165282528,48.828529555447,0.170981924767986,204.445530043967,40.0830483634587,50.561797752809
59.9511480214949,49.0674157303371,0,201.514411333659,39.9364924279433,50.561797752809
60.8125712424687,49.0864680019541,0.317537860283338,194.675134342941,39.9364924279433,50.4152418172936
60.7946588503502,49.2374206155349,0.781631656082063,196.140693698095,39.8632144601856,50.2686858817782
60.5650545513761,49.4103566194431,0.512945774303852,198.827552515877,39.7899364924279,50.2686858817782
60.0179123921186,49.3414753297508,1.56326331216415,203.224230581339,39.8632144601856,50.0488519785051
60.3663898387885,49.7782120175867,2.39374694675134,199.804592085979,39.6433805569126,49.9022960429897
60.3729034359225,49.7532975085491,2.05178309721542,199.804592085979,39.7166585246703,49.9755740107474
60.4119850187267,49.9702002931119,2.95554469956031,199.560332193454,39.6433805569126,49.829018075232
60.361504640938,50.4728871519297,3.12652662432826,200.048851978505,39.4235466536395,49.829018075232
60.2296042989742,50.7777234978017,5.0561797752809,201.025891548608,39.3502686858818,49.5359062042013
60.0000000000001,51.2364435759648,5.95994137762577,202.491450903762,39.2037127503664,49.4626282364436
60.5683113499431,51.0796287249634,6.49731314118219,197.606253053249,39.4235466536395,49.4626282364436
60.0293111871031,51.6482657547631,7.91402051783093,202.247191011236,39.2037127503664,49.3160723009282
60.0195407914021,51.6233512457254,9.03761602344893,201.758671226185,39.3502686858818,49.2427943331705
60.0260543885361,52.0820713238886,9.79482169027843,201.270151441133,39.2037127503664,49.2427943331705
60.1791239211855,52.3209574987787,11.8710307767464,199.804592085979,39.2037127503664,49.0229604298974
60.4787493893503,52.6917440156326,13.7274059599414,197.606253053249,39.1304347826087,48.876404494382
60.9493567822831,52.95261358085,14.8510014655593,194.675134342941,39.1304347826087,48.876404494382
60.5406285621235,53.3453834880313,16.8539325842696,199.071812408403,39.057156814851,48.7298485588666
59.7248005210878,53.628236443576,18.5637518319492,205.422569614069,39.057156814851,48.6565705911089
59.8371600716496,54.0429897410845,20.3468490473864,203.224230581339,38.9838788470933,48.5832926233512
60.2507734896597,54.3478260869565,22.6428920371275,199.316072300928,38.9838788470933,48.4367366878359
60.2084351082886,54.5207620908647,23.7664875427455,199.804592085979,39.057156814851,48.5100146555936
59.9544048200619,55.0674157303371,26.1358085002442,201.758671226185,38.9106008793356,48.3634587200782
59.9934864028661,55.2623351245725,28.2120175867123,201.025891548608,38.9838788470933,48.2901807523205
60.0895619605928,55.4352711284807,30.3615046409379,200.048851978505,39.057156814851,48.2169027845628
60.3159094609999,56.1138251099169,32.1446018563752,198.339032730826,38.8373229115779,48.2169027845628
60.0455951799382,56.3307278944797,33.9276990718124,200.781631656082,38.9106008793356,48.2169027845628
59.986972805732,56.657547630679,36.1504640937958,201.025891548608,38.9106008793356,48.1436248168051
60.2458882918092,56.7205666829507,38.0068392769907,198.827552515877,39.057156814851,48.1436248168051
60.2524018889432,57.1353199804592,39.8632144601856,199.071812408403,38.9838788470933,48.1436248168051
60.1530695326495,57.3082559843674,40.8402540302882,200.048851978505,39.057156814851,48.2901807523205
59.9560332193455,57.8549096238398,42.9897410845139,201.514411333659,38.9106008793356,48.2169027845628
60.0683927699073,57.9179286761114,43.8935026868588,200.293111871031,39.057156814851,48.3634587200782
60.2214623025567,58.0688812896922,45.9697117733268,199.071812408403,39.1304347826087,48.2901807523205
60.4478098029638,58.5935515388373,47.2398632144602,197.606253053249,38.9838788470933,48.3634587200782
60.0716495684743,58.3707865168539,48.876404494382,201.025891548608,39.2769907181241,48.3634587200782
60.2654290832113,58.7195896433805,50.0732779677577,199.316072300928,39.2037127503664,48.4367366878359
60.1905227161701,58.9584758182706,51.6365412799218,200.048851978505,39.2037127503664,48.4367366878359
59.9934864028661,59.1973619931607,52.3204689789936,201.514411333659,39.2037127503664,48.5832926233512
59.7150301253868,59.0405471421593,53.7371763556424,203.224230581339,39.4235466536395,48.5832926233512
59.8680996580362,59.4772838299951,54.2745481191988,201.270151441133,39.2769907181241,48.7298485588666
59.5000814199642,59.4303859306302,55.105031753786,203.71275036639,39.4235466536395,48.8031265266243
60.7767464582316,59.3395212506106,55.8622374206155,193.209574987787,39.5701025891549,48.876404494382
60.2540302882267,59.8641914997557,56.5461651196873,198.827552515877,39.3502686858818,48.9496824621397
59.7394561146394,59.6634098680996,55.837811431363,202.979970688813,39.5701025891549,49.2427943331705
59.5424198013354,59.5285784074255,56.1553492916463,203.71275036639,39.7166585246703,49.3160723009282
59.9397492265104,59.4816805080606,55.9599413776258,199.804592085979,39.7899364924279,49.4626282364436
59.7508549096239,59.4127992183683,56.4973131411822,201.270151441133,39.8632144601856,49.4626282364436
60.3273082559844,59.4538348803126,56.5950170981925,196.629213483146,39.8632144601856,49.5359062042013
59.983716007165,59.6267708842208,56.1797752808989,200.048851978505,39.7899364924279,49.6824621397167
59.8518156652012,59.162188568637,55.6179775280899,201.025891548608,40.0830483634587,49.829018075232
59.8501872659177,59.0053737176356,54.9096238397655,200.781631656082,40.1563263312164,49.9755740107474
58.3585735222277,59.0903761602345,54.0547142159257,211.773326819736,40.0830483634587,50.1221299462628
58.5197850512946,59.3292623351246,53.0532486565706,207.6209086468,39.9364924279433,50.2686858817782
58.8845464907996,58.95261358085,51.9052271617,202.979970688813,40.1563263312164,50.4152418172936
59.6971177332683,58.6419149975574,51.4899853444064,196.140693698095,40.3028822667318,50.4152418172936
59.8583292623352,58.2872496336102,50.1954079140205,195.896433805569,40.4494382022472,50.561797752809
60.1579547305,58.152418172936,48.314606741573,194.675134342941,40.4494382022472,50.7816316560821
59.4561146393096,57.4899853444064,47.532975085491,201.270151441133,40.742550073278,50.7816316560821
59.2835043152582,57.7948216902785,45.4323400097704,202.247191011236,40.4494382022472,51.0014655593552
59.1760299625469,57.000488519785,42.6722032242306,202.491450903762,40.8158280410357,51.2945774303859
59.5489333984694,56.6238397655105,40.9379579872985,199.071812408403,40.8891060087934,51.3678553981436
59.612440970526,56.4890083048363,39.5701025891548,198.827552515877,40.8158280410357,51.3678553981436
59.6515225533301,56.2442598925256,38.2022471910112,198.827552515877,40.8158280410357,51.3678553981436
59.3649242794334,55.8676111382511,35.9550561797753,201.270151441133,40.8891060087934,51.514411333659
59.6482657547631,55.4689789936492,34.4406448461163,198.827552515877,40.9623839765511,51.514411333659
59.6222113662271,55.3121641426478,32.4865657059111,199.316072300928,40.8891060087934,51.5876893014167
59.8078488845466,55.0454323400098,30.4592085979482,198.0947728383,40.8891060087934,51.6609672691744
59.5456765999024,54.5148998534441,27.9189057156815,200.537371763556,41.0356619443087,51.8075232046898
59.4951962221137,54.3361016121153,25.6717147044455,200.781631656082,40.9623839765511,51.8808011724475
59.599413776258,54.1792867611138,22.9115779189057,199.804592085979,40.8891060087934,52.0273571079629
59.4430874450416,53.5168539325843,21.7635564240352,201.025891548608,41.1089399120664,51.8808011724475
59.6694349454487,53.3160723009282,19.8827552515877,199.071812408403,41.0356619443087,51.8808011724475
59.8306464745156,53.0053737176356,17.562286272594,198.0947728383,41.0356619443087,51.9540791402052
58.656570591109,52.8265754763068,15.6082071323888,207.376648754275,40.9623839765511,51.9540791402052
60.1693535254845,52.4059599413776,13.6541279921837,194.18661455789,41.0356619443087,51.9540791402052
60.1025891548608,52.2271617000489,11.7000488519785,196.140693698095,40.9623839765511,51.9540791402052
60.3940726266081,51.542745481192,9.7459697117733,194.919394235467,41.1822178798241,51.9540791402052
59.9120664386908,51.4518808011725,7.35222276502198,199.804592085979,41.0356619443087,52.0273571079629
59.983716007165,51.1411822178798,5.32486565705911,199.316072300928,41.0356619443087,52.0273571079629
59.6482657547631,50.9623839765511,3.73717635564238,202.00293111871,40.9623839765511,51.9540791402052
60.525972968572,50.5417684416219,1.7830972154372,194.919394235467,41.0356619443087,51.9540791402052
59.8811268523042,50.2310698583293,0,201.025891548608,41.0356619443087,51.9540791402052
59.7817944960105,50.0522716170005,0,201.514411333659,40.9623839765511,51.8075232046898
59.8615860609022,50.0273571079629,0,200.537371763556,40.8158280410357,51.8808011724475
59.9413776257939,49.7826086956522,0,199.804592085979,40.8158280410357,51.8075232046898
59.1988275525159,49.2740595994138,0,205.422569614069,40.9623839765511,51.7342452369321
59.6368669597786,49.1172447484123,0,200.781631656082,40.8891060087934,51.6609672691744
60.0016283992836,49.2462139716659,0,197.850512945774,40.6692721055203,51.5876893014167
59.5196222113663,48.9135319980459,0,202.00293111871,40.742550073278,51.4411333659013
59.7134017261033,48.9545676599902,0,200.048851978505,40.5959941377626,51.2945774303859
60.0374531835207,48.7757694186615,0,197.606253053249,40.5959941377626,51.2945774303859
60.3126526624329,48.7288715192965,0,196.140693698095,40.5227161700049,51.1480214948705
60.0504803777887,48.5720566682951,0,199.071812408403,40.5227161700049,51.0747435271129
60.5048037778864,48.5471421592575,0,195.896433805569,40.4494382022472,51.0014655593552
60.0879335613093,48.676111382511,0,200.048851978505,40.3028822667318,50.9281875915975
60.1188731476959,48.7171470444553,0,199.804592085979,40.2296042989741,50.7816316560821
59.7671389024589,48.7801660967269,0,202.491450903762,40.1563263312164,50.7816316560821
60.2051783097216,48.8651685393259,0,198.583292623351,40.0830483634587,50.7083536883244
60.1221299462629,48.7083536883244,0,199.560332193454,40.1563263312164,50.6350757205667
59.4854258264127,49.057156814851,0.683927699071823,204.445530043967,39.9364924279433,50.4152418172936
59.5652173913044,49.076209086468,0.708353688324366,202.735710796287,39.9364924279433,50.3419638495359
59.8322748737991,49.3590620420127,0.80605764533464,200.048851978505,39.7899364924279,50.2686858817782
59.8632144601857,49.2901807523205,0.977039570102569,199.804592085979,39.8632144601856,50.1954079140205
60.0000000000001,49.7269174401563,1.22129946262823,198.827552515877,39.6433805569126,50.1221299462628
59.6808337404332,49.8339032730826,2.85784074255005,201.514411333659,39.6433805569126,49.829018075232
60.184009119036,49.5451880801173,3.46849047386419,197.361993160723,39.8632144601856,49.7557401074744
60.174238723335,49.8500244259893,3.71275036638983,198.0947728383,39.7166585246703,49.7557401074744
57.1763556424036,49.9350268685882,4.8363458720078,221.055202735711,39.7166585246703,49.609184171959
58.3634587200782,50.5476306790425,5.66682950659502,206.888128969223,39.4235466536395,49.5359062042013
60.1205015469794,50.9843673668784,6.57059110893989,191.988275525159,39.2769907181241,49.4626282364436
59.7361993160724,50.9374694675135,7.5476306790425,196.873473375672,39.4235466536395,49.3893502686859
59.970688812897,51.5061064973131,8.59794821690276,195.896433805569,39.2037127503664,49.3160723009282
59.58638658199,51.4811919882755,10.1612115290669,199.804592085979,39.3502686858818,49.1695163654128
59.3649242794334,51.5442110405472,11.4313629702003,201.514411333659,39.4235466536395,49.0962383976551
59.7378277153559,51.980947728383,12.3351245725452,198.339032730826,39.2769907181241,49.0962383976551
59.4675134342941,52.3297508549096,13.6785539814362,200.781631656082,39.2037127503664,49.0229604298974
59.8648428594692,52.5686370297997,15.095261358085,197.606253053249,39.2037127503664,48.9496824621397
59.8143624816806,52.8075232046898,16.5852467024914,198.583292623351,39.2037127503664,48.876404494382
59.8615860609022,53.3102100635076,19.4675134342941,198.583292623351,39.057156814851,48.5832926233512
59.7134017261033,53.5930630190523,20.8842208109428,200.048851978505,39.057156814851,48.5832926233512
59.4837974271292,54.0078163165608,22.7405959941377,201.758671226185,38.9838788470933,48.5100146555936
59.425175052923,54.180752320469,24.2305813385442,201.758671226185,39.057156814851,48.5100146555936
59.6596645497477,54.5955056179775,26.1602344894968,199.560332193454,38.9838788470933,48.4367366878359
59.2509363295881,54.7684416218857,28.1631656082071,202.735710796287,39.057156814851,48.3634587200782
59.5179938120828,55.0512945774304,29.799706888129,200.048851978505,39.057156814851,48.3634587200782
59.9071812408403,55.3341475329751,31.4362481680508,197.117733268197,39.057156814851,48.3634587200782
60.0032567985671,55.4851001465559,33.0727894479726,197.117733268197,39.1304347826087,48.3634587200782
59.806220485263,56.1416707376649,35.5886663409868,199.316072300928,38.9106008793356,48.2169027845628
60.2849698746133,56.3365901319003,36.4924279433317,195.896433805569,38.9838788470933,48.3634587200782
59.9006676437063,56.6414264777723,38.5686370297997,199.804592085979,38.9838788470933,48.2901807523205
59.6792053411497,56.8143624816805,39.8387884709331,201.514411333659,39.057156814851,48.3634587200782
59.7264289203713,56.9653150952614,41.4753297508549,200.781631656082,39.1304347826087,48.3634587200782
60.0260543885361,57.2261846604787,43.5515388373229,198.339032730826,39.1304347826087,48.2901807523205
59.7883080931445,57.3551538837323,44.8216902784563,200.537371763556,39.2037127503664,48.3634587200782
60.0635075720567,57.4621397166585,46.8978993649243,198.339032730826,39.2769907181241,48.2901807523205
60.2491450903762,57.942843185149,48.1680508060576,197.361993160723,39.1304347826087,48.3634587200782
60.2719426803453,58.2037127503664,49.3649242794333,197.850512945774,39.1304347826087,48.4367366878359
59.7573685067579,58.3326819736199,50.0488519785051,202.247191011236,39.2037127503664,48.5832926233512
59.7150301253868,58.8353688324377,51.4655593551539,202.00293111871,39.057156814851,48.5832926233512
60.1042175541443,58.9863214460186,51.5632633121641,198.583292623351,39.1304347826087,48.8031265266243
60.0211691906856,58.4557889594528,52.7601367855398,199.560332193454,39.5701025891549,48.8031265266243
60.6546165119688,59.1123595505618,53.5173424523693,194.919394235467,39.2769907181241,48.876404494382
59.7817944960105,59.0654616511969,54.2012701514411,202.735710796287,39.4235466536395,48.9496824621397
59.6580361504641,59.1064973131412,54.8119198827552,202.979970688813,39.4968246213972,49.0229604298974
60.0797915648917,59.257449926722,55.3492916463117,199.071812408403,39.4968246213972,49.0962383976551
59.5245074092168,59.0127015144113,54.934049829018,203.468490473864,39.7166585246703,49.3160723009282
59.4740270314281,59.4934049829018,55.1783097215437,202.979970688813,39.4968246213972,49.3893502686859
59.7329425175053,59.6443575964826,55.3492916463116,200.293111871031,39.4968246213972,49.4626282364436
59.7231721218043,59.2677088422081,55.4469956033219,200.293111871031,39.7899364924279,49.5359062042013
59.9088096401238,59.3307278944797,54.5920859794822,198.827552515877,39.7899364924279,49.7557401074744
60.0130271942681,58.7342452369321,54.3966780654616,198.339032730826,40.1563263312164,49.829018075232
60.8500244259893,59.2149487054226,54.1279921836834,192.47679531021,39.8632144601856,49.9022960429897
59.6678065461652,59.2559843673669,53.7860283341475,203.224230581339,39.8632144601856,49.9755740107474
59.4626282364436,58.5056179775281,53.3707865168539,203.957010258915,40.3028822667318,50.0488519785051
59.8518156652011,58.9423546653639,52.4425989252564,200.048851978505,40.009770395701,50.1954079140205
59.9153232372578,59.2032242305813,50.9281875915975,199.560332193454,39.8632144601856,50.4152418172936
59.8648428594692,58.5847581827064,49.6336101612115,200.048851978505,40.2296042989741,50.561797752809
59.993486402866,58.1201758671226,48.6321446018564,199.071812408403,40.4494382022472,50.6350757205667
59.796450089562,58.38104543234,47.1177332681974,200.781631656082,40.2296042989741,50.7816316560821
60.0309395863866,57.9164631167562,45.0170981924768,198.827552515877,40.4494382022472,51.0014655593552
59.9071812408403,57.3859306301905,44.0156326331216,200.048851978505,40.6692721055203,51.0014655593552
60.1660967269175,57.580850024426,41.695163654128,198.0947728383,40.4494382022472,51.2212994626282
59.4479726428921,57.0503175378603,40.0341963849536,203.957010258915,40.6692721055203,51.2945774303859
57.7853769744342,56.7176355642403,37.8602833414753,215.437225207621,40.742550073278,51.4411333659013
57.4662107148673,57.1543722520762,36.419149975574,213.971665852467,40.3761602344895,51.4411333659013
58.9871356456603,56.7777234978017,34.0986809965803,199.071812408403,40.5227161700049,51.5876893014167
59.7345709167888,56.4890083048363,32.5109916951636,193.698094772838,40.5959941377626,51.5876893014167
59.6515225533301,56.3102100635076,30.4836345872008,195.896433805569,40.5959941377626,51.6609672691744
60.4070998208761,55.9995114802149,27.5036638983879,191.255495847582,40.6692721055203,51.8808011724475
59.2330239374695,55.666829506595,25.6228627259404,202.247191011236,40.742550073278,51.8808011724475
59.027845627748,55.0483634587201,24.1817293600391,203.224230581339,40.9623839765511,51.8075232046898
59.6042989741085,55.0234489496825,21.0552027357108,198.0947728383,40.8158280410357,52.0273571079629
59.8632144601857,54.5148998534441,19.4675134342941,196.629213483146,40.9623839765511,51.9540791402052
59.421918254356,54.3580850024426,16.6340986809966,200.781631656082,40.8891060087934,52.1006350757206
59.4935678228302,53.8275525158769,15.4127992183683,200.048851978505,41.0356619443087,51.9540791402052
59.7850512945775,53.9125549584758,13.4587200781631,197.850512945774,40.8158280410357,51.9540791402052
59.1727731639798,53.4040058622374,10.6253053248656,202.979970688813,40.9623839765511,52.1006350757206
59.7248005210878,53.1152906692721,9.40400586223738,198.0947728383,40.9623839765511,51.9540791402052
59.7557401074744,52.6946751343429,7.01025891548606,198.339032730826,41.0356619443087,52.0273571079629
59.4854258264127,52.5158768930142,5.86223742061551,200.781631656082,40.9623839765511,51.8808011724475
59.6547793518971,52.2271617000488,3.54176844162185,199.316072300928,40.9623839765511,51.9540791402052
59.1890571568149,51.8065461651197,2.46702491450903,202.979970688813,41.0356619443087,51.8075232046898
59.2199967432015,51.7596482657548,0.219833903273063,202.00293111871,40.8891060087934,51.8808011724475
58.7624165445367,51.6248168050806,0,204.934049829018,40.8158280410357,51.8075232046898
59.9006676437063,51.5119687347338,0,195.163654127992,40.742550073278,51.8075232046898
59.3779514737014,51.0254030288227,0,200.293111871031,40.8891060087934,51.7342452369321
59.2704771209901,50.7586712261847,0,201.025891548608,40.8891060087934,51.8808011724475
59.1711447646963,50.8876404494382,0,201.514411333659,40.6692721055203,51.6609672691744
58.8926884872171,50.6868588177821,0,203.224230581339,40.6692721055203,51.5876893014167
60.4461814036802,50.6179775280899,0,190.766976062531,40.5959941377626,51.4411333659013
60.2979970688813,50.3072789447973,0,194.18661455789,40.6692721055203,51.3678553981436
58.0491776583618,50.238397655105,0,212.506106497313,40.5959941377626,51.2945774303859
58.7070509688976,50.1914997557401,0,204.445530043967,40.5227161700049,51.1480214948705
59.1125223904902,50.2984855886663,0,200.293111871031,40.3761602344895,51.1480214948705
60.0797915648917,50.4494382022472,0.170981924767964,192.965315095261,40.2296042989741,50.9281875915975
61.5192965315095,49.9848558866634,0,183.927699071812,40.4494382022472,50.8549096238398
60.3940726266081,50.2457254518808,0,196.38495359062,40.2296042989741,50.8549096238398
58.6907669760625,50.0449438202247,0,210.063507572057,40.3028822667318,50.7816316560821
59.2020843510829,50.3497801660967,0.0977039570102534,203.71275036639,40.0830483634587,50.6350757205667
59.5668457905879,50.5886663409868,0,200.048851978505,39.9364924279433,50.6350757205667
59.6629213483146,50.6077186126038,0.683927699071823,199.316072300928,39.9364924279433,50.4152418172936
59.8811268523042,50.6267708842208,1.14802149487055,197.850512945774,39.9364924279433,50.2686858817782
60.2133203061391,50.7777234978016,0.879335613092337,195.896433805569,39.8632144601856,50.2686858817782
59.3079303045107,50.8187591597459,1.92965315095263,203.71275036639,39.8632144601856,50.0488519785051
59.7052597296857,50.7278944797264,2.76013678553983,199.804592085979,39.9364924279433,49.9022960429897
59.7443413124898,51.0107474352711,2.85784074255009,199.560332193454,39.7899364924279,49.9022960429897
59.3030451066602,51.2056668295066,3.39521250610649,202.979970688813,39.7166585246703,49.829018075232
59.6922325354177,51.1587689301417,3.56619443087444,199.316072300928,39.7899364924279,49.829018075232
59.9755740107475,51.8812896922325,3.73717635564239,197.361993160723,39.4235466536395,49.829018075232
59.7052597296857,51.790425012213,4.34782608695652,200.048851978505,39.5701025891549,49.7557401074744
59.8339032730826,52.1831949193942,5.91108939912068,199.071812408403,39.4235466536395,49.5359062042013
59.3763230744179,52.0923302393747,7.25451880801173,202.735710796287,39.5701025891549,49.3893502686859
59.415404657222,52.2212994626282,7.86516853932585,201.758671226185,39.5701025891549,49.3893502686859
59.2590783260056,52.7459697117733,9.35515388373229,202.491450903762,39.3502686858818,49.2427943331705
59.7948216902785,52.8089887640449,10.9916951636541,197.850512945774,39.4235466536395,49.0962383976551
59.4105194593715,53.1138251099169,12.3351245725452,201.270151441133,39.3502686858818,49.0229604298974
59.7589969060414,53.3087445041524,13.3121641426478,198.339032730826,39.3502686858818,49.0229604298974
59.4561146393096,53.7674645823156,15.1685393258427,201.025891548608,39.2037127503664,48.876404494382
59.3893502686859,54.0063507572057,16.7318026380069,201.270151441133,39.2037127503664,48.8031265266243
59.5424198013353,54.1133365901319,18.3683439179287,199.804592085979,39.2769907181241,48.7298485588666
59.6792053411497,54.3302393746947,19.1988275525159,198.827552515877,39.2769907181241,48.8031265266243
59.5880149812734,54.6790425012213,20.8353688324377,199.804592085979,39.2037127503664,48.7298485588666
59.2688487217066,55.1817293600391,22.5451880801173,202.247191011236,39.057156814851,48.6565705911089
59.0962383976551,55.4645823155838,25.2076209086468,202.979970688813,39.057156814851,48.4367366878359
59.0294740270314,55.7474352711285,26.770884220811,202.735710796287,39.057156814851,48.4367366878359
59.1662595668458,55.6345872007816,27.8944797264289,201.025891548608,39.2769907181241,48.5100146555936
59.815990880964,55.9833903273082,29.8241328773816,195.896433805569,39.2037127503664,48.4367366878359
59.431688650057,56.3541768441622,31.3873961895457,199.804592085979,39.1304347826087,48.4367366878359
59.4056342615209,56.4831460674157,33.390327308256,200.048851978505,39.2037127503664,48.3634587200782
59.1760299625468,56.590131900342,35.0268685881778,201.758671226185,39.2769907181241,48.3634587200782
59.4430874450415,57.2027357107963,35.7840742550074,199.316072300928,39.057156814851,48.5100146555936
59.3681810780003,57.3536883243771,38.1533952125061,200.048851978505,39.1304347826087,48.3634587200782
59.3665526787168,57.4826575476307,39.3502686858818,200.048851978505,39.2037127503664,48.4367366878359
59.2672203224231,57.9853444064485,40.0341963849536,200.781631656082,39.057156814851,48.5832926233512
59.3714378765674,57.8724963361016,42.3302393746947,199.804592085979,39.2769907181241,48.4367366878359
58.8894316886501,58.0893991206644,43.8935026868589,203.468490473864,39.2769907181241,48.4367366878359
59.034359224882,58.438202247191,44.5774303859306,201.514411333659,39.2037127503664,48.5832926233512
59.4723986321446,58.9408891060088,46.4338055691256,197.850512945774,39.057156814851,48.5100146555936
59.7068881289692,58.9599413776258,47.4841231069858,196.629213483146,39.2037127503664,48.5832926233512
59.3632958801498,58.9350268685882,48.9008304836346,200.048851978505,39.3502686858818,48.5832926233512
59.2639635238561,59.1299462628236,48.9985344406449,200.781631656082,39.3502686858818,48.8031265266243
58.9773652499593,59.3248656570591,49.3160723009282,202.735710796287,39.3502686858818,48.9496824621397
56.5412799218368,59.3878847093307,50.3663898387885,220.322423058134,39.4235466536395,48.9496824621397
56.7757694186615,59.428920371275,51.8563751831949,213.483146067416,39.4968246213972,48.876404494382
59.4202898550725,59.5798729848559,52.1006350757206,190.278456277479,39.4968246213972,49.0229604298974
59.7117733268198,59.8627259404006,51.7586712261847,190.522716170005,39.4235466536395,49.2427943331705
58.8552353036965,59.9037616023449,52.076209086468,199.316072300928,39.4968246213972,49.3160723009282
58.5849210226348,59.6590131900342,52.3204689789937,201.514411333659,39.7166585246703,49.3893502686859
58.860120501547,59.875915974597,52.4914509037616,199.071812408403,39.6433805569126,49.4626282364436
59.4772838299951,59.7191011235955,52.5891548607719,194.675134342941,39.7899364924279,49.5359062042013
58.8405797101449,59.914020517831,52.6135808500244,200.781631656082,39.7166585246703,49.609184171959
58.6191174075884,59.7352222765022,51.685393258427,202.247191011236,39.8632144601856,49.829018075232
59.1304347826087,59.7762579384465,51.8563751831949,197.850512945774,39.8632144601856,49.829018075232
59.6906041361342,59.9491939423547,50.7083536883244,194.18661455789,39.7899364924279,50.0488519785051
59.2655919231396,59.352711284807,51.0991695163654,198.827552515877,40.1563263312164,49.9755740107474
58.7835857352223,59.3058133854421,50.2442598925257,202.735710796287,40.1563263312164,50.1221299462628
58.8226673180264,59.2589154860772,49.6824621397167,201.758671226185,40.1563263312164,50.1954079140205
59.2199967432015,59.2120175867123,48.6077186126038,198.339032730826,40.1563263312164,50.3419638495359
59.3404982901808,59.1651196873474,46.9467513434294,197.850512945774,40.1563263312164,50.561797752809
58.9236280736037,58.8544211040547,45.9452857840743,201.514411333659,40.3028822667318,50.6350757205667
58.7103077674646,58.895456765999,43.9912066438691,202.735710796287,40.2296042989741,50.8549096238398
59.3030451066602,58.1670737664876,42.6966292134832,197.606253053249,40.5959941377626,50.9281875915975
59.5456765999023,58.1201758671226,41.7684416218857,196.38495359062,40.5227161700049,50.9281875915975
59.1125223904902,57.8314606741573,40.4005862237421,200.537371763556,40.5959941377626,51.0014655593552
59.1597459697118,57.7845627747924,38.5197850512946,200.048851978505,40.5227161700049,51.1480214948705
59.3209574987787,57.3639472398632,37.3717635564241,198.827552515877,40.6692721055203,51.1480214948705
59.5228790099333,57.1631656082072,35.3444064484612,197.606253053249,40.6692721055203,51.2945774303859
59.7329425175053,56.8304836345872,34.0498290180753,196.629213483146,40.742550073278,51.2945774303859
59.0636704119851,56.7396189545677,31.875915974597,202.491450903762,40.6692721055203,51.4411333659013
59.7948216902785,56.2750366389839,30.4347826086957,196.38495359062,40.8158280410357,51.4411333659013
59.4919394235467,56.2940889106009,28.5539814362482,199.560332193454,40.6692721055203,51.514411333659
59.0180752320469,55.961406936981,26.599902296043,203.224230581339,40.742550073278,51.5876893014167
59.2688487217066,55.6067415730337,25.0122129946263,200.537371763556,40.8158280410357,51.5876893014167
59.5766161862889,55.4938935026869,22.5451880801173,198.0947728383,40.742550073278,51.7342452369321
59.3795798729849,55.0073277967758,20.8109428431852,200.048851978505,40.8891060087934,51.7342452369321
59.3779514737014,54.7405959941378,18.6370297997069,200.048851978505,40.8891060087934,51.8075232046898
58.7249633610162,54.4738641914998,16.389838788471,204.934049829018,40.8891060087934,51.8808011724475
58.7559029474027,54.2071323888618,14.9487054225697,203.468490473864,40.8891060087934,51.8075232046898
59.1613743689953,53.8085002442599,12.2618466047875,199.560332193454,40.9623839765511,51.9540791402052
59.3714378765674,53.5197850512946,11.1871030776747,198.0947728383,40.9623839765511,51.8075232046898
59.3046735059437,52.9672691744016,9.3795798729849,199.071812408403,41.1089399120664,51.8075232046898
58.6842533789286,53.0302882266732,8.01172447484125,203.957010258915,40.8891060087934,51.7342452369321
59.431688650057,52.6316560820713,6.27747923790916,197.361993160723,40.9623839765511,51.7342452369321
59.031102426315,52.6067415730337,3.66389838788474,201.025891548608,40.8158280410357,51.8808011724475
59.224881941052,52.2300928187592,1.34342940889107,199.316072300928,40.8891060087934,51.9540791402052
59.4430874450416,52.3590620420127,0.708353688324394,197.850512945774,40.6692721055203,51.7342452369321
59.6450089561961,51.8944797264289,0,196.873473375672,40.8158280410357,51.8075232046898
60.0749063670412,51.7816316560821,0,194.430874450415,40.742550073278,51.6609672691744
58.9252564728872,51.8226673180264,0,204.445530043967,40.5959941377626,51.5876893014167
58.9724800521088,51.7757694186615,0,202.979970688813,40.5227161700049,51.514411333659
58.7754437388048,51.2232535417685,0,203.71275036639,40.742550073278,51.3678553981436
57.7397817944961,51.2642892037128,0,210.552027357108,40.5959941377626,51.4411333659013
58.9838788470934,51.3492916463117,0,198.583292623351,40.4494382022472,51.2212994626282
59.780166096727,51.6101612115291,0,192.965315095261,40.2296042989741,51.2945774303859
59.2004559517994,51.1455788959453,0,199.071812408403,40.4494382022472,51.2212994626282
59.4268034522065,51.4064484611627,0,197.606253053249,40.2296042989741,51.0747435271129
58.9529392607068,51.3375671714704,0,201.758671226185,40.2296042989741,50.9281875915975
60.1319003419639,51.4005862237421,0,192.47679531021,40.1563263312164,51.0014655593552
59.6336101612116,51.6174890083048,0.317537860283352,198.0947728383,40.009770395701,50.7816316560821
59.6645497475982,51.6145578895945,0.415241817293606,198.339032730826,40.009770395701,50.6350757205667
59.1662595668458,51.7435271128481,0,202.491450903762,39.9364924279433,50.6350757205667
59.5391630027683,51.7625793844651,0.683927699071823,199.071812408403,39.9364924279433,50.4152418172936
59.3746946751344,51.7816316560821,0.708353688324366,200.537371763556,39.9364924279433,50.3419638495359
59.8453020680671,52.0644846116268,0.366389838788457,196.873473375672,39.7899364924279,50.3419638495359
59.2330239374695,52.1275036638984,0.464093795798732,202.247191011236,39.7899364924279,50.2686858817782
59.9397492265104,52.19052271617,1.07474352711284,196.38495359062,39.7899364924279,50.1221299462628
58.7249633610162,52.5173424523693,2.27161700048853,206.399609184172,39.6433805569126,49.9022960429897
59.4886826249797,52.6243282852956,2.80898876404493,199.071812408403,39.6433805569126,49.829018075232
59.9104380394073,52.5994137762579,2.97997068881288,196.140693698095,39.7166585246703,49.829018075232
59.2574499267221,52.9482169027846,4.03028822667319,202.00293111871,39.5701025891549,49.6824621397167
59.3535254844488,52.9452857840743,4.78749389350268,200.781631656082,39.6433805569126,49.609184171959
60.0113987949846,53.0522716170005,5.6179775280899,195.652173913043,39.6433805569126,49.5359062042013
59.9609184171959,53.5549584758183,6.52173913043477,197.117733268197,39.4235466536395,49.4626282364436
59.4707702328611,53.4640937957987,7.05911089399119,201.514411333659,39.5701025891549,49.4626282364436
59.7134017261033,53.85686370298,8.47581827063993,199.316072300928,39.4235466536395,49.3160723009282
59.6710633447322,54.2936003908158,9.59941377625793,199.804592085979,39.2769907181241,49.2427943331705
59.5798729848559,54.2467024914509,11.2359550561798,200.537371763556,39.4235466536395,49.0962383976551
59.5619605927374,54.6834391792868,13.019052271617,200.537371763556,39.2769907181241,48.9496824621397
59.4137762579385,54.9003419638495,14.5090376160234,201.514411333659,39.2769907181241,48.876404494382
59.8843836508712,55.1172447484123,15.6326331216414,197.606253053249,39.2769907181241,48.876404494382
59.7361993160724,55.4660478749389,16.3165608207132,199.316072300928,39.2037127503664,48.9496824621397
59.6287249633611,55.5730337078652,18.2462139716659,200.293111871031,39.2769907181241,48.8031265266243
59.0652988112686,56.0537371763557,19.8827552515877,204.445530043967,39.1304347826087,48.7298485588666
59.8941540465723,56.314606741573,22.0322423058134,197.117733268197,39.1304347826087,48.5832926233512
59.0457580198665,56.5754763067904,23.4489496824621,204.201270151441,39.1304347826087,48.5832926233512
59.8827552515877,56.8363458720078,25.305324865657,196.873473375672,39.1304347826087,48.5100146555936
59.4658850350106,57.2291157791891,26.7953102100635,200.781631656082,39.057156814851,48.5100146555936
59.7329425175053,57.7757694186615,28.2852955544699,198.583292623351,38.9106008793356,48.5100146555936
59.5847581827065,57.7068881289692,30.2149487054226,200.048851978505,39.1304347826087,48.4367366878359
59.4854258264127,58.0996580361505,31.7782120175867,200.781631656082,39.057156814851,48.4367366878359
59.3616674808664,58.3825109916952,33.3414753297509,201.514411333659,39.057156814851,48.4367366878359
59.1483471747273,58.6653639472399,34.904738641915,202.735710796287,39.057156814851,48.4367366878359
59.9690604136135,59.0801172447484,36.028334147533,195.896433805569,38.9838788470933,48.5100146555936
59.6498941540466,59.2530532486566,37.9579872984856,199.316072300928,39.057156814851,48.4367366878359
59.1841719589644,59.5359062042013,39.5212506106498,202.979970688813,39.057156814851,48.4367366878359
59.3453834880313,59.6868588177821,41.0845139228139,201.025891548608,39.1304347826087,48.4367366878359
59.6042989741085,59.9477283829995,42.647777234978,198.827552515877,39.1304347826087,48.4367366878359
59.6108125712425,60.076697606253,43.771372740596,199.071812408403,39.2037127503664,48.5100146555936
59.2509363295881,60.3155837811431,44.3820224719101,202.00293111871,39.2037127503664,48.6565705911089
59.6401237583456,60.8182706399609,44.4064484611627,198.583292623351,39.057156814851,48.876404494382
59.3616674808664,60.9692232535418,46.409379579873,201.025891548608,39.1304347826087,48.7298485588666
58.9366552678717,60.9662921348315,47.2398632144602,203.957010258915,39.2769907181241,48.8031265266243
59.5863865819899,61.3150952613581,48.4367366878359,198.0947728383,39.2037127503664,48.8031265266243
59.0636704119851,61.5539814362482,49.1939423546654,202.491450903762,39.2037127503664,48.876404494382
59.4040058622375,61.5290669272106,50.3175378602834,199.316072300928,39.3502686858818,48.876404494382
59.7199153232373,61.4601856375183,50.1221299462628,197.117733268197,39.4968246213972,49.0962383976551
58.9366552678717,61.3473375671715,50.1465559355154,203.71275036639,39.6433805569126,49.2427943331705
59.4968246213972,61.9819247679531,50.9037616023449,198.583292623351,39.3502686858818,49.2427943331705
59.2509363295881,61.6492427943332,50.7816316560821,200.781631656082,39.6433805569126,49.3893502686859
58.9643380556913,61.4924279433317,51.3922813873962,202.735710796287,39.7899364924279,49.3893502686859
59.589643380557,61.6873473375672,51.123595505618,197.361993160723,39.7166585246703,49.5359062042013
59.0587852141346,61.5085490962384,51.1480214948706,202.00293111871,39.8632144601856,49.609184171959
56.5168539325843,61.285784074255,50.6595017098193,220.566682950659,40.009770395701,49.7557401074744
58.3390327308257,61.8104543234001,50.4640937957987,201.758671226185,39.7166585246703,49.829018075232
58.7689301416708,61.4997557401075,50.1954079140205,198.0947728383,39.9364924279433,49.9022960429897
58.9301416707377,61.5188080117245,50.2931118710308,197.361993160723,39.9364924279433,49.9022960429897
59.1483471747273,61.1421592574499,49.0718124084026,196.38495359062,40.1563263312164,50.1221299462628
58.7803289366553,61.2271617000489,47.6306790425012,200.048851978505,40.0830483634587,50.3419638495359
58.6809965803616,60.9384465070836,47.2887151929653,200.781631656082,40.2296042989741,50.3419638495359
58.850350105846,60.4738641914998,46.9467513434294,199.316072300928,40.4494382022472,50.3419638495359
59.3290994951963,60.4709330727895,45.7254518808012,195.896433805569,40.3761602344895,50.4885197850513
58.8145253216089,60.3580850024426,44.3575964826576,200.781631656082,40.3761602344895,50.6350757205667
59.3421266894643,59.9814362481681,42.8431851489986,196.629213483146,40.5227161700049,50.7816316560821
58.8356945122945,59.5608207132389,42.0615534929165,201.270151441133,40.6692721055203,50.7816316560821
58.5979482169029,59.228138739619,39.9609184171959,202.735710796287,40.742550073278,51.0014655593552
59.2232535417685,59.0053737176356,38.5197850512946,197.361993160723,40.742550073278,51.0747435271129
59.6368669597786,58.914509037616,37.4450415241817,194.919394235467,40.6692721055203,51.0747435271129
59.3828366715519,58.4499267220323,35.4909623839766,198.0947728383,40.8158280410357,51.2212994626282
59.4463442436086,57.9413776257939,33.8299951148022,198.0947728383,40.9623839765511,51.2945774303859
58.9236280736037,57.7845627747924,31.6560820713239,202.491450903762,40.8891060087934,51.4411333659013
59.6222113662271,57.7816316560821,30.2149487054226,196.629213483146,40.742550073278,51.4411333659013
59.3111871030777,57.4269662921348,28.3341475329751,199.804592085979,40.8158280410357,51.514411333659
59.2851327145417,57.0503175378603,26.3800683927699,200.048851978505,40.8891060087934,51.5876893014167
59.5766161862889,56.5197850512946,24.3527112848071,197.850512945774,41.0356619443087,51.6609672691744
59.4528578407426,56.7366878358574,23.1314118221788,199.316072300928,40.742550073278,51.5876893014167
58.85686370298,56.3820224719101,21.1040547142159,203.957010258915,40.8158280410357,51.6609672691744
59.018075232047,56.0053737176356,19.0034196384954,201.758671226185,40.8891060087934,51.7342452369321
59.5456765999024,55.7386419149976,17.7088422081094,197.361993160723,40.8891060087934,51.6609672691744
59.5359062042013,55.7357107962873,15.6082071323889,198.0947728383,40.742550073278,51.7342452369321
59.5017098192477,55.38104543234,13.8739618954568,198.827552515877,40.8158280410357,51.7342452369321
58.6940237746296,55.2681973619932,12.1397166585247,205.178309721544,40.742550073278,51.7342452369321
58.9773652499593,54.7816316560821,10.4054714215926,201.758671226185,40.8891060087934,51.7342452369321
58.7884709330729,54.5148998534441,8.23155837811434,202.735710796287,40.8891060087934,51.8075232046898
59.6743201432992,54.3800683927699,6.42403517342455,195.407914020518,40.8158280410357,51.8075232046898
59.7622537046084,54.3800683927699,5.0561797752809,195.896433805569,40.8158280410357,51.7342452369321